Indicator ID,Indicator Name,Parent Code,Parent Name,Area Code,Area Name,Area Type,Sex,Age,Category Type,Category,Time period,Value,Lower CI 95.0 limit,Upper CI 95.0 limit,Lower CI 99.8 limit,Upper CI 99.8 limit,Count,Denominator,Value note,Recent Trend,Compared to England value or percentiles,Compared to percentiles,Time period Sortable,New data,Compared to goal,Time period range
247,Dementia: QOF prevalence (all ages),,,E92000001,England,England,Persons,All ages,,,2009/10,0.454920942252378,0.453143299271103,0.456705526783749,,,249463,54836561,,,Not compared,Not compared,20090000,,,1y
247,Dementia: QOF prevalence (all ages),E92000001,England,E92000001,England,England,Persons,All ages,,,2009/10,0.454920942252378,0.453143299271103,0.456705526783749,,,249463,54836561,,,Similar,Not compared,20090000,,,1y
247,Dementia: QOF prevalence (all ages),E92000001,England,A81001,The Densham Surgery,GPs,Persons,All ages,,,2009/10,0.912584053794428,0.665609455468258,1.25004543710737,,,38,4164,,,Higher,Not compared,20090000,,,1y
247,Dementia: QOF prevalence (all ages),E92000001,England,A81002,Queens Park Medical Centre,GPs,Persons,All ages,,,2009/10,0.500291431902079,0.412718494861097,0.606332954424449,,,103,20588,,,Similar,Not compared,20090000,,,1y
247,Dementia: QOF prevalence (all ages),E92000001,England,A81004,Acklam Medical Centre,GPs,Persons,All ages,,,2009/10,0.350622657477935,0.244244903618833,0.503098222269981,,,29,8271,,,Similar,Not compared,20090000,,,1y
247,Dementia: QOF prevalence (all ages),E92000001,England,A81005,Springwood Surgery,GPs,Persons,All ages,,,2009/10,0.92824887104867,0.740101943464121,1.1636653217787,,,74,7972,,,Higher,Not compared,20090000,,,1y
247,Dementia: QOF prevalence (all ages),E92000001,England,A81006,Tennant Street Medical Practice,GPs,Persons,All ages,,,2009/10,0.428629195309341,0.327869185123774,0.560180509638559,,,53,12365,,,Similar,Not compared,20090000,,,1y
247,Dementia: QOF prevalence (all ages),E92000001,England,A81007,Bankhouse Surgery,GPs,Persons,All ages,,,2009/10,0.655567117585848,0.512766554654178,0.837801367407451,,,63,9610,,,Similar,Not compared,20090000,,,1y
247,Dementia: QOF prevalence (all ages),E92000001,England,A81009,Village Medical Centre,GPs,Persons,All ages,,,2009/10,0.571005604314265,0.437924076099788,0.7442272083023,,,54,9457,,,Similar,Not compared,20090000,,,1y
247,Dementia: QOF prevalence (all ages),E92000001,England,A81011,Chadwick Practice,GPs,Persons,All ages,,,2009/10,0.248684839789574,0.169771636592704,0.364144658443961,,,26,10455,,,Lower,Not compared,20090000,,,1y
247,Dementia: QOF prevalence (all ages),E92000001,England,A81012,Westbourne Medical Centre,GPs,Persons,All ages,,,2009/10,0.639458341169833,0.457974261406361,0.892215541779712,,,34,5317,,,Similar,Not compared,20090000,,,1y
247,Dementia: QOF prevalence (all ages),E92000001,England,A81013,Brotton Surgery,GPs,Persons,All ages,,,2009/10,0.124866214769889,0.0604990470740424,0.257539509838131,,,7,5606,,,Lower,Not compared,20090000,,,1y
247,Dementia: QOF prevalence (all ages),E92000001,England,A81014,Queenstree Practice,GPs,Persons,All ages,,,2009/10,0.453352421856359,0.290430714592852,0.707019587914102,,,19,4191,,,Similar,Not compared,20090000,,,1y
247,Dementia: QOF prevalence (all ages),E92000001,England,A81016,Park Surgery,GPs,Persons,All ages,,,2009/10,0.493541951065841,0.371373582635232,0.655634783606708,,,47,9523,,,Similar,Not compared,20090000,,,1y
247,Dementia: QOF prevalence (all ages),E92000001,England,A81017,Woodbridge Practice,GPs,Persons,All ages,,,2009/10,0.33003300330033,0.260440804739438,0.418142923207665,,,68,20604,,,Lower,Not compared,20090000,,,1y
247,Dementia: QOF prevalence (all ages),E92000001,England,A81018,Bentley Medical Practice,GPs,Persons,All ages,,,2009/10,0.506851886615356,0.348581206028884,0.736453103610668,,,27,5327,,,Similar,Not compared,20090000,,,1y
247,Dementia: QOF prevalence (all ages),,,E92000001,England,England,Persons,All ages,,,2010/11,0.483412589782392,0.481585808437572,0.485246266800553,,,266697,55169643,,,Not compared,Not compared,20100000,,,1y
247,Dementia: QOF prevalence (all ages),E92000001,England,E92000001,England,England,Persons,All ages,,,2010/11,0.483412589782392,0.481585808437572,0.485246266800553,,,266697,55169643,,,Similar,Not compared,20100000,,,1y
247,Dementia: QOF prevalence (all ages),E92000001,England,A81001,The Densham Surgery,GPs,Persons,All ages,,,2010/11,0.948541617263458,0.697376017668078,1.28899233183443,,,40,4217,,,Higher,Not compared,20100000,,,1y
247,Dementia: QOF prevalence (all ages),E92000001,England,A81002,Queens Park Medical Centre,GPs,Persons,All ages,,,2010/11,0.472963089375396,0.387891058570857,0.576585068336567,,,97,20509,,,Similar,Not compared,20100000,,,1y
247,Dementia: QOF prevalence (all ages),E92000001,England,A81004,Acklam Medical Centre,GPs,Persons,All ages,,,2010/11,0.384567671504776,0.271066111310682,0.54533504371366,,,31,8061,,,Similar,Not compared,20100000,,,1y
247,Dementia: QOF prevalence (all ages),E92000001,England,A81005,Springwood Surgery,GPs,Persons,All ages,,,2010/11,0.963463463463463,0.771622738657511,1.20242163970582,,,77,7992,,,Higher,Not compared,20100000,,,1y
247,Dementia: QOF prevalence (all ages),E92000001,England,A81006,Tennant Street Medical Practice,GPs,Persons,All ages,,,2010/11,0.366897676314717,0.274330896560388,0.490545388911756,,,45,12265,,,Similar,Not compared,20100000,,,1y
247,Dementia: QOF prevalence (all ages),E92000001,England,A81007,Bankhouse Surgery,GPs,Persons,All ages,,,2010/11,0.749948633655229,0.596923842565084,0.94183050514475,,,73,9734,,,Similar,Not compared,20100000,,,1y
247,Dementia: QOF prevalence (all ages),E92000001,England,A81009,Village Medical Centre,GPs,Persons,All ages,,,2010/11,0.602409638554217,0.465288321337867,0.779624339975346,,,57,9462,,,Similar,Not compared,20100000,,,1y
247,Dementia: QOF prevalence (all ages),E92000001,England,A81011,Chadwick Practice,GPs,Persons,All ages,,,2010/11,0.297676205108508,0.209797539883679,0.422209187046752,,,31,10414,,,Lower,Not compared,20100000,,,1y
247,Dementia: QOF prevalence (all ages),E92000001,England,A81012,Westbourne Medical Centre,GPs,Persons,All ages,,,2010/11,0.698602794411178,0.502757164458243,0.96999500425637,,,35,5010,,,Similar,Not compared,20100000,,,1y
247,Dementia: QOF prevalence (all ages),E92000001,England,A81013,Brotton Surgery,GPs,Persons,All ages,,,2010/11,0.285969615728329,0.176106291761144,0.464052196102943,,,16,5595,,,Similar,Not compared,20100000,,,1y
247,Dementia: QOF prevalence (all ages),E92000001,England,A81014,Queenstree Practice,GPs,Persons,All ages,,,2010/11,0.372023809523809,0.225585931215791,0.612937067420109,,,15,4032,,,Similar,Not compared,20100000,,,1y
247,Dementia: QOF prevalence (all ages),E92000001,England,A81016,Park Surgery,GPs,Persons,All ages,,,2010/11,0.503461296412838,0.379964577660963,0.666828444132869,,,48,9534,,,Similar,Not compared,20100000,,,1y
247,Dementia: QOF prevalence (all ages),E92000001,England,A81017,Woodbridge Practice,GPs,Persons,All ages,,,2010/11,0.349332440063167,0.277950922550121,0.438964992610114,,,73,20897,,,Lower,Not compared,20100000,,,1y
247,Dementia: QOF prevalence (all ages),E92000001,England,A81018,Bentley Medical Practice,GPs,Persons,All ages,,,2010/11,0.666666666666667,0.481951053965989,0.921522001241767,,,36,5400,,,Similar,Not compared,20100000,,,1y
247,Dementia: QOF prevalence (all ages),,,E92000001,England,England,Persons,All ages,,,2011/12,0.529012386545395,0.527107789814141,0.530923828418234,,,293738,55525732,,,Not compared,Not compared,20110000,,,1y
247,Dementia: QOF prevalence (all ages),E92000001,England,E92000001,England,England,Persons,All ages,,,2011/12,0.529012386545395,0.527107789814141,0.530923828418234,,,293738,55525732,,,Similar,Not compared,20110000,,,1y
247,Dementia: QOF prevalence (all ages),E92000001,England,A81001,The Densham Surgery,GPs,Persons,All ages,,,2011/12,0.909526089037817,0.663376740961927,1.24586490788838,,,38,4178,,,Similar,Not compared,20110000,,,1y
247,Dementia: QOF prevalence (all ages),E92000001,England,A81002,Queens Park Medical Centre,GPs,Persons,All ages,,,2011/12,0.626315016881147,0.527045463687626,0.744142218796778,,,128,20437,,,Similar,Not compared,20110000,,,1y
247,Dementia: QOF prevalence (all ages),E92000001,England,A81004,Acklam Medical Centre,GPs,Persons,All ages,,,2011/12,0.563587356040186,0.422818466680503,0.750869013097429,,,46,8162,,,Similar,Not compared,20110000,,,1y
247,Dementia: QOF prevalence (all ages),E92000001,England,A81005,Springwood Surgery,GPs,Persons,All ages,,,2011/12,1.05395232120452,0.852153140615879,1.3029117638989,,,84,7970,,,Higher,Not compared,20110000,,,1y
247,Dementia: QOF prevalence (all ages),E92000001,England,A81006,Tennant Street Medical Practice,GPs,Persons,All ages,,,2011/12,0.4995904995905,0.389155851446122,0.641162572490951,,,61,12210,,,Similar,Not compared,20110000,,,1y
247,Dementia: QOF prevalence (all ages),E92000001,England,A81007,Bankhouse Surgery,GPs,Persons,All ages,,,2011/12,0.783020811868947,0.626098258416298,0.978886328423927,,,76,9706,,,Similar,Not compared,20110000,,,1y
247,Dementia: QOF prevalence (all ages),E92000001,England,A81009,Village Medical Centre,GPs,Persons,All ages,,,2011/12,0.579647917561185,0.444556073052753,0.755479993170698,,,54,9316,,,Similar,Not compared,20110000,,,1y
247,Dementia: QOF prevalence (all ages),E92000001,England,A81011,Chadwick Practice,GPs,Persons,All ages,,,2011/12,0.471386820024512,0.357762578316112,0.620872897708003,,,50,10607,,,Similar,Not compared,20110000,,,1y
247,Dementia: QOF prevalence (all ages),E92000001,England,A81012,Westbourne Medical Centre,GPs,Persons,All ages,,,2011/12,0.537634408602151,0.367168069216475,0.78661887392651,,,26,4836,,,Similar,Not compared,20110000,,,1y
247,Dementia: QOF prevalence (all ages),E92000001,England,A81013,Brotton Surgery,GPs,Persons,All ages,,,2011/12,0.231646471846044,0.1354295111149,0.395950497375594,,,13,5612,,,Lower,Not compared,20110000,,,1y
247,Dementia: QOF prevalence (all ages),E92000001,England,A81014,Queenstree Practice,GPs,Persons,All ages,,,2011/12,0.414185865907326,0.255112651404307,0.671779728394089,,,16,3863,,,Similar,Not compared,20110000,,,1y
247,Dementia: QOF prevalence (all ages),E92000001,England,A81016,Park Surgery,GPs,Persons,All ages,,,2011/12,0.501815075806107,0.377602162958916,0.666614638901556,,,47,9366,,,Similar,Not compared,20110000,,,1y
247,Dementia: QOF prevalence (all ages),E92000001,England,A81017,Woodbridge Practice,GPs,Persons,All ages,,,2011/12,0.447606483226536,0.366328504256182,0.546818784867499,,,95,21224,,,Similar,Not compared,20110000,,,1y
247,Dementia: QOF prevalence (all ages),E92000001,England,A81018,Bentley Medical Practice,GPs,Persons,All ages,,,2011/12,0.678525582248304,0.492684294267878,0.933808657893441,,,37,5453,,,Similar,Not compared,20110000,,,1y
247,Dementia: QOF prevalence (all ages),,,E92000001,England,England,Persons,All ages,,,2012/13,0.568928897072518,0.566962318675552,0.570900753417766,0.565832148051837,0.57204152005433,318669,56012096,,,Not compared,Not compared,20120000,,,1y
247,Dementia: QOF prevalence (all ages),E92000001,England,E92000001,England,England,Persons,All ages,,,2012/13,0.568928897072518,0.566962318675552,0.570900753417766,0.565832148051837,0.57204152005433,318669,56012096,,,Similar,Not compared,20120000,,,1y
247,Dementia: QOF prevalence (all ages),E92000001,England,A81001,The Densham Surgery,GPs,Persons,All ages,,,2012/13,1.04724792985874,0.778429367808976,1.40758188868324,,,43,4106,,,Similar,Not compared,20120000,,,1y
247,Dementia: QOF prevalence (all ages),E92000001,England,A81002,Queens Park Medical Centre,GPs,Persons,All ages,,,2012/13,0.733763014377789,0.624999892547986,0.861289164068777,,,148,20170,,,Similar,Not compared,20120000,,,1y
247,Dementia: QOF prevalence (all ages),E92000001,England,A81004,Acklam Medical Centre,GPs,Persons,All ages,,,2012/13,0.69988137603796,0.543003636570156,0.901671349974528,,,59,8430,,,Similar,Not compared,20120000,,,1y
247,Dementia: QOF prevalence (all ages),E92000001,England,A81005,Springwood Surgery,GPs,Persons,All ages,,,2012/13,1.209982354424,0.991918678082532,1.4752708914347,,,96,7934,,,Higher,Not compared,20120000,,,1y
247,Dementia: QOF prevalence (all ages),E92000001,England,A81006,Tennant Street Medical Practice,GPs,Persons,All ages,,,2012/13,0.546760241553778,0.430798027288288,0.693719685520139,,,67,12254,,,Similar,Not compared,20120000,,,1y
247,Dementia: QOF prevalence (all ages),E92000001,England,A81007,Bankhouse Surgery,GPs,Persons,All ages,,,2012/13,0.850093302923492,0.685438923061721,1.05388081872554,,,82,9646,,,Similar,Not compared,20120000,,,1y
247,Dementia: QOF prevalence (all ages),E92000001,England,A81009,Village Medical Centre,GPs,Persons,All ages,,,2012/13,0.591715976331361,0.454910282725201,0.769345435320367,,,55,9295,,,Similar,Not compared,20120000,,,1y
247,Dementia: QOF prevalence (all ages),E92000001,England,A81011,Chadwick Practice,GPs,Persons,All ages,,,2012/13,0.704094867518992,0.562947456523732,0.88031876068027,,,76,10794,,,Similar,Not compared,20120000,,,1y
247,Dementia: QOF prevalence (all ages),E92000001,England,A81012,Westbourne Medical Centre,GPs,Persons,All ages,,,2012/13,0.699893955461294,0.498802473054186,0.981255683591716,,,33,4715,,,Similar,Not compared,20120000,,,1y
247,Dementia: QOF prevalence (all ages),E92000001,England,A81013,Brotton Surgery,GPs,Persons,All ages,,,2012/13,0.298507462686567,0.186461041995551,0.477561625347931,,,17,5695,,,Lower,Not compared,20120000,,,1y
247,Dementia: QOF prevalence (all ages),E92000001,England,A81014,Queenstree Practice,GPs,Persons,All ages,,,2012/13,0.512163892445583,0.331795931112698,0.789804903262376,,,20,3905,,,Similar,Not compared,20120000,,,1y
247,Dementia: QOF prevalence (all ages),E92000001,England,A81016,Park Surgery,GPs,Persons,All ages,,,2012/13,0.484669687071963,0.363579527028968,0.645827517739425,,,46,9491,,,Similar,Not compared,20120000,,,1y
247,Dementia: QOF prevalence (all ages),E92000001,England,A81017,Woodbridge Practice,GPs,Persons,All ages,,,2012/13,0.434947049924357,0.354814461945832,0.533080255511307,,,92,21152,,,Similar,Not compared,20120000,,,1y
247,Dementia: QOF prevalence (all ages),E92000001,England,A81018,Bentley Medical Practice,GPs,Persons,All ages,,,2012/13,0.79160530191458,0.588241801095579,1.06452159068537,,,43,5432,,,Similar,Not compared,20120000,,,1y
247,Dementia: QOF prevalence (all ages),,,E92000001,England,England,Persons,All ages,,,2013/14,0.619571593636752,0.617525386740708,0.621623042263017,0.616349112500699,0.622809843408211,348973,56324887,,,Not compared,Not compared,20130000,,,1y
247,Dementia: QOF prevalence (all ages),E92000001,England,E92000001,England,England,Persons,All ages,,,2013/14,0.619571593636752,0.617525386740708,0.621623042263017,0.616349112500699,0.622809843408211,348973,56324887,,,Similar,Not compared,20130000,,,1y
247,Dementia: QOF prevalence (all ages),E92000001,England,A81001,The Densham Surgery,GPs,Persons,All ages,,,2013/14,0.93346098611776,0.663782012672008,1.27607189721955,,,39,4178,,,Similar,Not compared,20130000,,,1y
247,Dementia: QOF prevalence (all ages),E92000001,England,A81002,Queens Park Medical Centre,GPs,Persons,All ages,,,2013/14,0.862025507889298,0.737662115481064,1.00135275597366,,,171,19837,,,Higher,Not compared,20130000,,,1y
247,Dementia: QOF prevalence (all ages),E92000001,England,A81004,Acklam Medical Centre,GPs,Persons,All ages,,,2013/14,0.951410125722052,0.758881976891902,1.17791047423137,,,84,8829,,,Higher,Not compared,20130000,,,1y
247,Dementia: QOF prevalence (all ages),E92000001,England,A81005,Springwood Surgery,GPs,Persons,All ages,,,2013/14,1.13665066936095,0.9140013656366,1.39713664801599,,,90,7918,,,Higher,Not compared,20130000,,,1y
247,Dementia: QOF prevalence (all ages),E92000001,England,A81006,Tennant Street Medical Practice,GPs,Persons,All ages,,,2013/14,0.68259385665529,0.544463592879782,0.845097641556052,,,84,12306,,,Similar,Not compared,20130000,,,1y
247,Dementia: QOF prevalence (all ages),E92000001,England,A81007,Bankhouse Surgery,GPs,Persons,All ages,,,2013/14,1.11790761442734,0.91525115763368,1.3520770568229,,,106,9482,,,Higher,Not compared,20130000,,,1y
247,Dementia: QOF prevalence (all ages),E92000001,England,A81009,Village Medical Centre,GPs,Persons,All ages,,,2013/14,0.606388738494857,0.458059536357663,0.787446215566702,,,56,9235,,,Similar,Not compared,20130000,,,1y
247,Dementia: QOF prevalence (all ages),E92000001,England,A81011,Chadwick Practice,GPs,Persons,All ages,,,2013/14,0.881898354395854,0.71516015614358,1.07584120313132,,,97,10999,,,Similar,Not compared,20130000,,,1y
247,Dementia: QOF prevalence (all ages),E92000001,England,A81012,Westbourne Medical Centre,GPs,Persons,All ages,,,2013/14,0.812139346014106,0.574718137319858,1.1147247044082,,,38,4679,,,Similar,Not compared,20130000,,,1y
247,Dementia: QOF prevalence (all ages),E92000001,England,A81013,Brotton Surgery,GPs,Persons,All ages,,,2013/14,0.334683811872468,0.201501517779932,0.522650230255163,,,19,5677,,,Lower,Not compared,20130000,,,1y
247,Dementia: QOF prevalence (all ages),E92000001,England,A81014,Queenstree Practice,GPs,Persons,All ages,,,2013/14,0.597092419522326,0.378505374793476,0.895931798931283,,,23,3852,,,Similar,Not compared,20130000,,,1y
247,Dementia: QOF prevalence (all ages),E92000001,England,A81016,Park Surgery,GPs,Persons,All ages,,,2013/14,0.66750104297038,0.514057139614471,0.852383930005059,,,64,9588,,,Similar,Not compared,20130000,,,1y
247,Dementia: QOF prevalence (all ages),E92000001,England,A81017,Woodbridge Practice,GPs,Persons,All ages,,,2013/14,0.569251035001882,0.472349414578196,0.680182347814425,,,121,21256,,,Similar,Not compared,20130000,,,1y
247,Dementia: QOF prevalence (all ages),E92000001,England,A81018,Bentley Medical Practice,GPs,Persons,All ages,,,2013/14,0.788880540946657,0.56855570496765,1.06633731740215,,,42,5324,,,Similar,Not compared,20130000,,,1y
247,Dementia: QOF prevalence (all ages),,,E92000001,England,England,Persons,All ages,,,2014/15,0.737575331779802,0.735353261420662,0.739802582452258,0.734075415889586,0.741090839880974,419073,56817654,,,Not compared,Not compared,20140000,,,1y
247,Dementia: QOF prevalence (all ages),E92000001,England,E92000001,England,England,Persons,All ages,,,2014/15,0.737575331779802,0.735353261420662,0.739802582452258,0.734075415889586,0.741090839880974,419073,56817654,,,Similar,Not compared,20140000,,,1y
247,Dementia: QOF prevalence (all ages),E92000001,England,A81001,The Densham Surgery,GPs,Persons,All ages,,,2014/15,1.26733620277379,0.970251033001405,1.65386791419925,,,53,4182,,,Similar,Not compared,20140000,,,1y
247,Dementia: QOF prevalence (all ages),E92000001,England,A81002,Queens Park Medical Centre,GPs,Persons,All ages,,,2014/15,1.13161382403915,0.992874035081974,1.28948799378547,,,222,19618,,,Higher,Not compared,20140000,,,1y
247,Dementia: QOF prevalence (all ages),E92000001,England,A81004,Acklam Medical Centre,GPs,Persons,All ages,,,2014/15,0.969376514650804,0.787543259610326,1.19268794830207,,,88,9078,,,Similar,Not compared,20140000,,,1y
247,Dementia: QOF prevalence (all ages),E92000001,England,A81005,Springwood Surgery,GPs,Persons,All ages,,,2014/15,0.972713491662456,0.779037377130959,1.21395023053003,,,77,7916,,,Similar,Not compared,20140000,,,1y
247,Dementia: QOF prevalence (all ages),E92000001,England,A81006,Tennant Street Medical Practice,GPs,Persons,All ages,,,2014/15,1.13096213735453,0.958119143910364,1.33456554943754,,,138,12202,,,Higher,Not compared,20140000,,,1y
247,Dementia: QOF prevalence (all ages),E92000001,England,A81007,Bankhouse Surgery,GPs,Persons,All ages,,,2014/15,1.18734895450247,0.988580808563152,1.42550685180593,,,113,9517,,,Higher,Not compared,20140000,,,1y
247,Dementia: QOF prevalence (all ages),E92000001,England,A81009,Village Medical Centre,GPs,Persons,All ages,,,2014/15,0.735373634692333,0.580529256831077,0.931132784326866,,,68,9247,,,Similar,Not compared,20140000,,,1y
247,Dementia: QOF prevalence (all ages),E92000001,England,A81011,Chadwick Practice,GPs,Persons,All ages,,,2014/15,0.980392156862745,0.814119558661083,1.1802195421,,,110,11220,,,Similar,Not compared,20140000,,,1y
247,Dementia: QOF prevalence (all ages),E92000001,England,A81012,Westbourne Medical Centre,GPs,Persons,All ages,,,2014/15,1.09959822372595,0.839548925604318,1.43902853698336,,,52,4729,,,Similar,Not compared,20140000,,,1y
247,Dementia: QOF prevalence (all ages),E92000001,England,A81013,Brotton Surgery,GPs,Persons,All ages,,,2014/15,0.563567047903199,0.403585142172522,0.786465305743803,,,34,6033,,,Similar,Not compared,20140000,,,1y
247,Dementia: QOF prevalence (all ages),E92000001,England,A81014,Queenstree Practice,GPs,Persons,All ages,,,2014/15,1.16494572411967,0.868955009988251,1.56017246919838,,,44,3777,,,Similar,Not compared,20140000,,,1y
247,Dementia: QOF prevalence (all ages),E92000001,England,A81016,Park Surgery,GPs,Persons,All ages,,,2014/15,0.604166666666667,0.46768584232571,0.780163357752715,,,58,9600,,,Similar,Not compared,20140000,,,1y
247,Dementia: QOF prevalence (all ages),E92000001,England,A81017,Woodbridge Practice,GPs,Persons,All ages,,,2014/15,0.716339130024978,0.611449153585093,0.839070370004658,,,152,21219,,,Similar,Not compared,20140000,,,1y
247,Dementia: QOF prevalence (all ages),E92000001,England,A81018,Bentley Medical Practice,GPs,Persons,All ages,,,2014/15,0.848865104262779,0.637037196094643,1.13032885265458,,,46,5419,,,Similar,Not compared,20140000,,,1y
247,Dementia: QOF prevalence (all ages),,,E92000001,England,England,Persons,All ages,,,2015/16,0.759008650132121,0.756769653987774,0.761252757859357,0.755481121101086,0.762551566001921,436805,57549410,,,Not compared,Not compared,20150000,,,1y
247,Dementia: QOF prevalence (all ages),E92000001,England,E92000001,England,England,Persons,All ages,,,2015/16,0.759008650132121,0.756769653987774,0.761252757859357,0.755481121101086,0.762551566001921,436805,57549410,,,Similar,Not compared,20150000,,,1y
247,Dementia: QOF prevalence (all ages),E92000001,England,A81001,The Densham Surgery,GPs,Persons,All ages,,,2015/16,1.20084765716977,0.914546680217154,1.57535084972139,,,51,4247,,,Similar,Not compared,20150000,,,1y
247,Dementia: QOF prevalence (all ages),E92000001,England,A81002,Queens Park Medical Centre,GPs,Persons,All ages,,,2015/16,1.17368527100544,1.03303014254164,1.3332336979193,,,233,19852,,,Higher,Not compared,20150000,,,1y
247,Dementia: QOF prevalence (all ages),E92000001,England,A81004,Acklam Medical Centre,GPs,Persons,All ages,,,2015/16,0.98371406711116,0.801050194844134,1.20752384187906,,,90,9149,,,Similar,Not compared,20150000,,,1y
247,Dementia: QOF prevalence (all ages),E92000001,England,A81005,Springwood Surgery,GPs,Persons,All ages,,,2015/16,0.965937976614133,0.772481210389169,1.2072537476923,,,76,7868,,,Similar,Not compared,20150000,,,1y
247,Dementia: QOF prevalence (all ages),E92000001,England,A81006,Tennant Street Medical Practice,GPs,Persons,All ages,,,2015/16,1.06640814348037,0.900030065774967,1.26315057126371,,,132,12378,,,Higher,Not compared,20150000,,,1y
247,Dementia: QOF prevalence (all ages),E92000001,England,A81007,Bankhouse Surgery,GPs,Persons,All ages,,,2015/16,1.2451520718514,1.04390096119123,1.48461980168256,,,122,9798,,,Higher,Not compared,20150000,,,1y
247,Dementia: QOF prevalence (all ages),E92000001,England,A81009,Village Medical Centre,GPs,Persons,All ages,,,2015/16,0.776125929164845,0.615810543669442,0.977765988511797,,,71,9148,,,Similar,Not compared,20150000,,,1y
247,Dementia: QOF prevalence (all ages),E92000001,England,A81011,Chadwick Practice,GPs,Persons,All ages,,,2015/16,0.939702427564605,0.77897063933353,1.13322061848114,,,108,11493,,,Similar,Not compared,20150000,,,1y
247,Dementia: QOF prevalence (all ages),E92000001,England,A81012,Westbourne Medical Centre,GPs,Persons,All ages,,,2015/16,1.06471816283925,0.810757683749272,1.39710834169471,,,51,4790,,,Similar,Not compared,20150000,,,1y
247,Dementia: QOF prevalence (all ages),E92000001,England,A81013,Brotton Surgery,GPs,Persons,All ages,,,2015/16,0.599287333981211,0.43510611689459,0.824906765274484,,,37,6174,,,Similar,Not compared,20150000,,,1y
247,Dementia: QOF prevalence (all ages),E92000001,England,A81014,Queenstree Practice,GPs,Persons,All ages,,,2015/16,1.12712975098296,0.837880216097216,1.51470754245239,,,43,3815,,,Similar,Not compared,20150000,,,1y
247,Dementia: QOF prevalence (all ages),E92000001,England,A81016,Park Surgery,GPs,Persons,All ages,,,2015/16,0.733774286895411,0.582184306378399,0.924468447112939,,,71,9676,,,Similar,Not compared,20150000,,,1y
247,Dementia: QOF prevalence (all ages),E92000001,England,A81017,Woodbridge Practice,GPs,Persons,All ages,,,2015/16,0.837812969151049,0.722309739753402,0.97160534842507,,,173,20649,,,Similar,Not compared,20150000,,,1y
247,Dementia: QOF prevalence (all ages),E92000001,England,A81018,Bentley Medical Practice,GPs,Persons,All ages,,,2015/16,0.829920241431343,0.664588125361306,1.03595371538719,,,77,9278,,,Similar,Not compared,20150000,,,1y
247,Dementia: QOF prevalence (all ages),,,E92000001,England,England,Persons,All ages,,,2016/17,0.764855289015363,0.762616708297286,0.767098938283911,0.761329349364005,0.76839648637555,443839,58029147,,,Not compared,Not compared,20160000,,,1y
247,Dementia: QOF prevalence (all ages),E92000001,England,E92000001,England,England,Persons,All ages,,,2016/17,0.764855289015363,0.762616708297286,0.767098938283911,0.761329349364005,0.76839648637555,443839,58029147,,,Similar,Not compared,20160000,,,1y
247,Dementia: QOF prevalence (all ages),E92000001,England,A81001,The Densham Surgery,GPs,Persons,All ages,,,2016/17,1.13253012048193,0.852773055222861,1.50267213426379,,,47,4150,,,Similar,Not compared,20160000,,,1y
247,Dementia: QOF prevalence (all ages),E92000001,England,A81002,Queens Park Medical Centre,GPs,Persons,All ages,,,2016/17,1.20185054812431,1.05954524707804,1.36300527861762,,,239,19886,,,Higher,Not compared,20160000,,,1y
247,Dementia: QOF prevalence (all ages),E92000001,England,A81004,Acklam Medical Centre,GPs,Persons,All ages,,,2016/17,0.834125224369127,0.669847494596686,1.03827036177152,,,79,9471,,,Similar,Not compared,20160000,,,1y
247,Dementia: QOF prevalence (all ages),E92000001,England,A81005,Springwood Surgery,GPs,Persons,All ages,,,2016/17,1.17290957245554,0.958455827477088,1.43465211254868,,,93,7929,,,Higher,Not compared,20160000,,,1y
247,Dementia: QOF prevalence (all ages),E92000001,England,A81006,Tennant Street Medical Practice,GPs,Persons,All ages,,,2016/17,1.15779509211389,0.992040652204999,1.35086662954159,,,159,13733,,,Higher,Not compared,20160000,,,1y
247,Dementia: QOF prevalence (all ages),E92000001,England,A81007,Bankhouse Surgery,GPs,Persons,All ages,,,2016/17,1.09668980782775,0.91000322021285,1.32116439660447,,,109,9939,,,Higher,Not compared,20160000,,,1y
247,Dementia: QOF prevalence (all ages),E92000001,England,A81009,Village Medical Centre,GPs,Persons,All ages,,,2016/17,0.795755968169761,0.632414960592068,1.00085998675721,,,72,9048,,,Similar,Not compared,20160000,,,1y
247,Dementia: QOF prevalence (all ages),E92000001,England,A81011,Chadwick Practice,GPs,Persons,All ages,,,2016/17,0.965481886534518,0.803718370350496,1.15942282548054,,,113,11704,,,Similar,Not compared,20160000,,,1y
247,Dementia: QOF prevalence (all ages),E92000001,England,A81012,Westbourne Medical Centre,GPs,Persons,All ages,,,2016/17,0.819155639571518,0.599822627651903,1.11778874573784,,,39,4761,,,Similar,Not compared,20160000,,,1y
247,Dementia: QOF prevalence (all ages),E92000001,England,A81013,Brotton Surgery,GPs,Persons,All ages,,,2016/17,0.623700623700624,0.456600001768974,0.851431524350593,,,39,6253,,,Similar,Not compared,20160000,,,1y
247,Dementia: QOF prevalence (all ages),E92000001,England,A81014,Queenstree Practice,GPs,Persons,All ages,,,2016/17,1.17065556711759,0.876067908770428,1.56273992219086,,,45,3844,,,Similar,Not compared,20160000,,,1y
247,Dementia: QOF prevalence (all ages),E92000001,England,A81016,Park Surgery,GPs,Persons,All ages,,,2016/17,0.743494423791822,0.590852629840946,0.935198962240857,,,72,9684,,,Similar,Not compared,20160000,,,1y
247,Dementia: QOF prevalence (all ages),E92000001,England,A81017,Woodbridge Practice,GPs,Persons,All ages,,,2016/17,0.75462392108508,0.644478165123044,0.883426964220143,,,153,20275,,,Similar,Not compared,20160000,,,1y
247,Dementia: QOF prevalence (all ages),E92000001,England,A81018,Bentley Medical Practice,GPs,Persons,All ages,,,2016/17,0.972949855661285,0.793175387323606,1.1929805140944,,,91,9353,,,Similar,Not compared,20160000,,,1y
247,Dementia: QOF prevalence (all ages),,,E92000001,England,England,Persons,All ages,,,2017/18,0.764856149020509,0.762624294954828,0.767093040893664,0.761340462343304,0.768387000861872,446548,58383266,,,Not compared,Not compared,20170000,,,1y
247,Dementia: QOF prevalence (all ages),E92000001,England,E92000001,England,England,Persons,All ages,,,2017/18,0.764856149020509,0.762624294954828,0.767093040893664,0.761340462343304,0.768387000861872,446548,58383266,,,Similar,Not compared,20170000,,,1y
247,Dementia: QOF prevalence (all ages),E92000001,England,A81001,The Densham Surgery,GPs,Persons,All ages,,,2017/18,1.17474302496329,0.887216137241593,1.55398995414278,0.755994411441666,1.82118197931798,48,4086,,,Similar,Not compared,20170000,,,1y
247,Dementia: QOF prevalence (all ages),E92000001,England,A81002,Queens Park Medical Centre,GPs,Persons,All ages,,,2017/18,1.24083190997689,1.09618644445198,1.40429282782337,1.02068288267382,1.50774112492528,247,19906,,,Higher,Not compared,20170000,,,1y
247,Dementia: QOF prevalence (all ages),E92000001,England,A81004,Acklam Medical Centre,GPs,Persons,All ages,,,2017/18,0.836202656173143,0.676814992874394,1.03273529881493,0.599580550967281,1.16511217646975,85,10165,,,Similar,Not compared,20170000,,,1y
247,Dementia: QOF prevalence (all ages),E92000001,England,A81005,Springwood Surgery,GPs,Persons,All ages,,,2017/18,1.12275449101796,0.91438286290422,1.37794996891871,0.81283960872953,1.54898664208068,90,8016,,,Similar,Not compared,20170000,,,1y
247,Dementia: QOF prevalence (all ages),E92000001,England,A81006,Tennant Street Medical Practice,GPs,Persons,All ages,,,2017/18,1.13126853831827,0.971595475997922,1.31683350767901,0.890193334543042,1.43668346600313,164,14497,,,Higher,Not compared,20170000,,,1y
247,Dementia: QOF prevalence (all ages),E92000001,England,A81007,Bankhouse Surgery,GPs,Persons,All ages,,,2017/18,0.95009500950095,0.777894519845529,1.1599694322994,0.693611433498218,1.30017932503456,95,9999,,,Similar,Not compared,20170000,,,1y
247,Dementia: QOF prevalence (all ages),E92000001,England,A81009,Village Medical Centre,GPs,Persons,All ages,,,2017/18,0.772376192639709,0.609761447849795,0.97793128565926,0.532651414853122,1.11877784320486,68,8804,,,Similar,Not compared,20170000,,,1y
247,Dementia: QOF prevalence (all ages),E92000001,England,A81011,Chadwick Practice,GPs,Persons,All ages,,,2017/18,1.01306095110516,0.848561530419723,1.20906084152092,0.766462216456278,1.33792974640536,121,11944,,,Similar,Not compared,20170000,,,1y
247,Dementia: QOF prevalence (all ages),E92000001,England,A81012,Westbourne Medical Centre,GPs,Persons,All ages,,,2017/18,0.699300699300699,0.503259833848938,0.970962487375813,0.417613254583051,1.16876125701866,35,5005,,,Similar,Not compared,20170000,,,1y
247,Dementia: QOF prevalence (all ages),E92000001,England,A81013,Brotton Surgery,GPs,Persons,All ages,,,2017/18,0.576503583670926,0.418555619116418,0.793580484209137,0.349017170976283,0.950848901497405,37,6418,,,Similar,Not compared,20170000,,,1y
247,Dementia: QOF prevalence (all ages),E92000001,England,A81014,Queenstree Practice,GPs,Persons,All ages,,,2017/18,1.20766605408244,0.906652955496406,1.60699624434045,0.769992424493202,1.88938215626122,46,3809,,,Similar,Not compared,20170000,,,1y
247,Dementia: QOF prevalence (all ages),E92000001,England,A81016,Park Surgery,GPs,Persons,All ages,,,2017/18,0.707642539425799,0.560519459522752,0.893035141359425,0.490559021329109,1.01980594898984,70,9892,,,Similar,Not compared,20170000,,,1y
247,Dementia: QOF prevalence (all ages),E92000001,England,A81017,Woodbridge Practice,GPs,Persons,All ages,,,2017/18,0.786762093294757,0.672625453531734,0.920086974409196,0.614681052556125,1.00652963529006,155,19701,,,Similar,Not compared,20170000,,,1y
247,Dementia: QOF prevalence (all ages),E92000001,England,A81018,Bentley Medical Practice,GPs,Persons,All ages,,,2017/18,0.954160928585481,0.782842662240398,1.16253140894631,0.698842140348536,1.30153665975289,97,10166,,,Similar,Not compared,20170000,,,1y
247,Dementia: QOF prevalence (all ages),,,E92000001,England,England,Persons,All ages,,,2018/19,0.782775820117894,0.780537030108851,0.785019560544604,0.779249616922587,0.786316926626031,464860,59386096,,,Not compared,Not compared,20180000,,,1y
247,Dementia: QOF prevalence (all ages),E92000001,England,E92000001,England,England,Persons,All ages,,,2018/19,0.782775820117894,0.780537030108851,0.785019560544604,0.779249616922587,0.786316926626031,464860,59386096,,,Similar,Not compared,20180000,,,1y
247,Dementia: QOF prevalence (all ages),E92000001,England,A81001,The Densham Surgery,GPs,Persons,All ages,,,2018/19,1.4816614039349,1.15524530008408,1.89853534346214,1.00198839936464,2.18589374206649,61,4117,,,Higher,Not compared,20180000,,,1y
247,Dementia: QOF prevalence (all ages),E92000001,England,A81002,Queens Park Medical Centre,GPs,Persons,All ages,,,2018/19,1.12405477212344,0.985653022527238,1.28163883184515,0.913860910631357,1.38192030365074,220,19572,,,Higher,Not compared,20180000,,,1y
247,Dementia: QOF prevalence (all ages),E92000001,England,A81004,Acklam Medical Centre,GPs,Persons,All ages,,,2018/19,0.888395335924486,0.728098866696864,1.08359707321806,0.649581110966609,1.21393525536036,96,10806,,,Similar,Not compared,20180000,,,1y
247,Dementia: QOF prevalence (all ages),E92000001,England,A81005,Springwood Surgery,GPs,Persons,All ages,,,2018/19,1.0557694696311,0.854691722646707,1.30353149887088,0.75721401473336,1.47029584561458,85,8051,,,Similar,Not compared,20180000,,,1y
247,Dementia: QOF prevalence (all ages),E92000001,England,A81006,Tennant Street Medical Practice,GPs,Persons,All ages,,,2018/19,1.30514580925838,1.13404006629545,1.50167612477643,1.04594239514504,1.62752801267833,192,14711,,,Higher,Not compared,20180000,,,1y
247,Dementia: QOF prevalence (all ages),E92000001,England,A81007,Bankhouse Surgery,GPs,Persons,All ages,,,2018/19,0.92009200920092,0.750884476657561,1.12699651939734,0.66829972377469,1.26554228815305,92,9999,,,Similar,Not compared,20180000,,,1y
247,Dementia: QOF prevalence (all ages),E92000001,England,A81009,Village Medical Centre,GPs,Persons,All ages,,,2018/19,0.761659245371455,0.598073170002901,0.969553254852044,0.520866220105081,1.1125243878953,65,8534,,,Similar,Not compared,20180000,,,1y
247,Dementia: QOF prevalence (all ages),E92000001,England,A81011,Chadwick Practice,GPs,Persons,All ages,,,2018/19,1.06624128956427,0.896926117428191,1.26710988516428,0.81211221318211,1.39877189846613,127,11911,,,Similar,Not compared,20180000,,,1y
247,Dementia: QOF prevalence (all ages),E92000001,England,A81012,Westbourne Medical Centre,GPs,Persons,All ages,,,2018/19,0.670743736437167,0.480398475014214,0.935799121616284,0.397601487229082,1.129400172612,34,5069,,,Similar,Not compared,20180000,,,1y
247,Dementia: QOF prevalence (all ages),E92000001,England,A81013,Brotton Surgery,GPs,Persons,All ages,,,2018/19,0.564282446240659,0.40967697832957,0.776778437629926,0.341612214723113,0.930738435367575,37,6557,,,Similar,Not compared,20180000,,,1y
247,Dementia: QOF prevalence (all ages),E92000001,England,A81014,Queenstree Practice,GPs,Persons,All ages,,,2018/19,1.25490196078431,0.947836439337535,1.65977894235147,0.807671132457895,1.94492170076124,48,3825,,,Similar,Not compared,20180000,,,1y
247,Dementia: QOF prevalence (all ages),E92000001,England,A81016,Park Surgery,GPs,Persons,All ages,,,2018/19,0.715475840439087,0.569467250294648,0.898581993197833,0.499744478445822,1.02337700226021,73,10203,,,Similar,Not compared,20180000,,,1y
247,Dementia: QOF prevalence (all ages),E92000001,England,A81017,Woodbridge Practice,GPs,Persons,All ages,,,2018/19,0.835901990491615,0.716423583694646,0.975110188038361,0.6556367192548,1.06519920292926,160,19141,,,Similar,Not compared,20180000,,,1y
247,Dementia: QOF prevalence (all ages),E92000001,England,A81018,Bentley Medical Practice,GPs,Persons,All ages,,,2018/19,1.10042629126599,0.914646507774405,1.32343700332149,0.822524654523243,1.4708284844597,111,10087,,,Similar,Not compared,20180000,,,1y
247,Dementia: QOF prevalence (all ages),,,E92000001,England,England,Persons,All ages,,,2019/20,0.785557334302746,0.783334057427536,0.787785477522513,0.782055172810152,0.789074146190311,474537,60407685,,,Not compared,Not compared,20190000,,,1y
247,Dementia: QOF prevalence (all ages),E92000001,England,E92000001,England,England,Persons,All ages,,,2019/20,0.785557334302746,0.783334057427536,0.787785477522513,0.782055172810152,0.789074146190311,474537,60407685,,,Similar,Not compared,20190000,,,1y
247,Dementia: QOF prevalence (all ages),E92000001,England,A81001,The Densham Surgery,GPs,Persons,All ages,,,2019/20,1.19192410605692,0.902790509932826,1.57218841306757,0.770496383031673,1.83958110236504,49,4111,,,Similar,Not compared,20190000,,,1y
247,Dementia: QOF prevalence (all ages),E92000001,England,A81002,Queens Park Medical Centre,GPs,Persons,All ages,,,2019/20,1.14649017666371,1.00533913118373,1.30719734119313,0.932118697582529,1.40946202897182,220,19189,,,Higher,Not compared,20190000,,,1y
247,Dementia: QOF prevalence (all ages),E92000001,England,A81004,Acklam Medical Centre,GPs,Persons,All ages,,,2019/20,0.962411476302887,0.79641150648957,1.16260614345034,0.714419157821313,1.29536485039191,106,11014,,,Similar,Not compared,20190000,,,1y
247,Dementia: QOF prevalence (all ages),E92000001,England,A81005,Springwood Surgery,GPs,Persons,All ages,,,2019/20,1.25091979396615,1.03160509498679,1.51614555535179,0.923561160352903,1.69232957163875,102,8154,,,Higher,Not compared,20190000,,,1y
247,Dementia: QOF prevalence (all ages),E92000001,England,A81006,Tennant Street Medical Practice,GPs,Persons,All ages,,,2019/20,1.24413624311646,1.07730627073121,1.43642610282717,0.991661898549095,1.55987712909102,183,14709,,,Higher,Not compared,20190000,,,1y
247,Dementia: QOF prevalence (all ages),E92000001,England,A81007,Bankhouse Surgery,GPs,Persons,All ages,,,2019/20,0.779588944011339,0.624258053157115,0.97319151101728,0.549688416286766,1.10457463186174,77,9877,,,Similar,Not compared,20190000,,,1y
247,Dementia: QOF prevalence (all ages),E92000001,England,A81009,Village Medical Centre,GPs,Persons,All ages,,,2019/20,0.914923954372624,0.732716447185521,1.14192049927786,0.645220388558524,1.29589377868941,77,8416,,,Similar,Not compared,20190000,,,1y
247,Dementia: QOF prevalence (all ages),E92000001,England,A81011,Chadwick Practice,GPs,Persons,All ages,,,2019/20,0.947386229064456,0.788000990992431,1.13863957504316,0.708932939648734,1.26502266947297,112,11822,,,Similar,Not compared,20190000,,,1y
247,Dementia: QOF prevalence (all ages),E92000001,England,A81012,Westbourne Medical Centre,GPs,Persons,All ages,,,2019/20,0.655412115193645,0.467078924466148,0.918982919143436,0.385526503081551,1.11212031694336,33,5035,,,Similar,Not compared,20190000,,,1y
247,Dementia: QOF prevalence (all ages),E92000001,England,A81013,Brotton Surgery,GPs,Persons,All ages,,,2019/20,0.629298990194644,0.46755089586328,0.846527532923207,0.3948524916149,1.00155005114322,43,6833,,,Similar,Not compared,20190000,,,1y
247,Dementia: QOF prevalence (all ages),E92000001,England,A81014,Queenstree Practice,GPs,Persons,All ages,,,2019/20,1.38996138996139,1.06689987801826,1.80905842485918,0.917299911424731,2.10100900025719,54,3885,,,Higher,Not compared,20190000,,,1y
247,Dementia: QOF prevalence (all ages),E92000001,England,A81016,Park Surgery,GPs,Persons,All ages,,,2019/20,0.723533891850724,0.578502057619785,0.904594727114007,0.508971964533993,1.02761218487653,76,10504,,,Similar,Not compared,20190000,,,1y
247,Dementia: QOF prevalence (all ages),E92000001,England,A81017,Woodbridge Practice,GPs,Persons,All ages,,,2019/20,0.853025325845078,0.731458059245085,0.994594463928555,0.669581905503019,1.08617664550017,161,18874,,,Similar,Not compared,20190000,,,1y
247,Dementia: QOF prevalence (all ages),E92000001,England,A81018,Bentley Medical Practice,GPs,Persons,All ages,,,2019/20,1.10312222988279,0.917646627214776,1.3255847921634,0.825610520597956,1.47252869029108,112,10153,,,Similar,Not compared,20190000,,,1y
247,Dementia: QOF prevalence (all ages),,,E92000001,England,England,Persons,All ages,,,2020/21,0.709623935235519,0.707515723174633,0.711736998518743,0.706302637151563,0.712959833147199,430857,60716244,,,Not compared,Not compared,20200000,,,1y
247,Dementia: QOF prevalence (all ages),E92000001,England,E92000001,England,England,Persons,All ages,,,2020/21,0.709623935235519,0.707515723174633,0.711736998518743,0.706302637151563,0.712959833147199,430857,60716244,,,Similar,Not compared,20200000,,,1y
247,Dementia: QOF prevalence (all ages),E92000001,England,A81001,The Densham Surgery,GPs,Persons,All ages,,,2020/21,0.707662274280137,0.493180056934363,1.01447106614132,0.402152293392997,1.24236921800666,29,4098,,,Similar,Not compared,20200000,,,1y
247,Dementia: QOF prevalence (all ages),E92000001,England,A81002,Queens Park Medical Centre,GPs,Persons,All ages,,,2020/21,1.03142112818332,0.896700817149668,1.18613956439712,0.82732181885276,1.28521897474973,194,18809,,,Higher,Not compared,20200000,,,1y
247,Dementia: QOF prevalence (all ages),E92000001,England,A81004,Acklam Medical Centre,GPs,Persons,All ages,,,2020/21,0.933901532323873,0.770693731260924,1.13127739380158,0.690272404136655,1.26242559308528,103,11029,,,Similar,Not compared,20200000,,,1y
247,Dementia: QOF prevalence (all ages),E92000001,England,A81005,Springwood Surgery,GPs,Persons,All ages,,,2020/21,1.04345691136754,0.844715220247787,1.28835030868398,0.748372280138561,1.45319040941401,85,8146,,,Similar,Not compared,20200000,,,1y
247,Dementia: QOF prevalence (all ages),E92000001,England,A81006,Tennant Street Medical Practice,GPs,Persons,All ages,,,2020/21,1.05270353407615,0.899691664262169,1.23141499535872,0.822012523641791,1.3472566032722,154,14629,,,Higher,Not compared,20200000,,,1y
247,Dementia: QOF prevalence (all ages),E92000001,England,A81007,Bankhouse Surgery,GPs,Persons,All ages,,,2020/21,0.917523694293204,0.747955761672588,1.12509834418069,0.665274365410924,1.26420012390936,91,9918,,,Similar,Not compared,20200000,,,1y
247,Dementia: QOF prevalence (all ages),E92000001,England,A81009,Village Medical Centre,GPs,Persons,All ages,,,2020/21,0.732644727360077,0.570822768386537,0.939907771237807,0.494969170903659,1.08320555102174,61,8326,,,Similar,Not compared,20200000,,,1y
247,Dementia: QOF prevalence (all ages),E92000001,England,A81011,Chadwick Practice,GPs,Persons,All ages,,,2020/21,0.880191420270039,0.726338867784487,1.06628287204416,0.650534734290179,1.1899521718098,103,11702,,,Similar,Not compared,20200000,,,1y
247,Dementia: QOF prevalence (all ages),E92000001,England,A81012,Westbourne Medical Centre,GPs,Persons,All ages,,,2020/21,0.687082842559874,0.494459982945855,0.954024820223685,0.410309320153559,1.1484006551201,35,5094,,,Similar,Not compared,20200000,,,1y
247,Dementia: QOF prevalence (all ages),E92000001,England,A81013,Brotton Surgery,GPs,Persons,All ages,,,2020/21,0.648976059994231,0.485390414528708,0.867212688002341,0.411428256333938,1.02226981399977,45,6934,,,Similar,Not compared,20200000,,,1y
247,Dementia: QOF prevalence (all ages),E92000001,England,A81014,Queenstree Practice,GPs,Persons,All ages,,,2020/21,1.40280561122244,1.08189551693934,1.81715490872201,0.932668314014115,2.10489337606342,56,3992,,,Higher,Not compared,20200000,,,1y
247,Dementia: QOF prevalence (all ages),E92000001,England,A81016,Park Surgery,GPs,Persons,All ages,,,2020/21,0.614734415522044,0.48173294458806,0.784166870997063,0.419083002357689,0.900900509402118,64,10411,,,Similar,Not compared,20200000,,,1y
247,Dementia: QOF prevalence (all ages),E92000001,England,A81017,Woodbridge Practice,GPs,Persons,All ages,,,2020/21,0.728924572152968,0.617348673808677,0.860491428672421,0.561155290019594,0.946374678253612,138,18932,,,Similar,Not compared,20200000,,,1y
247,Dementia: QOF prevalence (all ages),E92000001,England,A81018,Bentley Medical Practice,GPs,Persons,All ages,,,2020/21,0.934765314240255,0.764524163915745,1.14247864130723,0.681277995154037,1.28135241072003,94,10056,,,Similar,Not compared,20200000,,,1y
247,Dementia: QOF prevalence (all ages),,,E92000001,England,England,Persons,All ages,,,2021/22,0.720570847971063,0.718461369518027,0.722685106355225,0.717248723729458,0.723907358203258,443902,61604213,,,Not compared,Not compared,20210000,,,1y
247,Dementia: QOF prevalence (all ages),E92000001,England,E92000001,England,England,Persons,All ages,,,2021/22,0.720570847971063,0.718461369518027,0.722685106355225,0.717248723729458,0.723907358203258,443902,61604213,,,Similar,Not compared,20210000,,,1y
247,Dementia: QOF prevalence (all ages),E92000001,England,A81001,The Densham Surgery,GPs,Persons,All ages,,,2021/22,0.64277,0.43903,0.94017,0.35414,1.1639,26,4045,,,Similar,Not compared,20210000,,,1y
247,Dementia: QOF prevalence (all ages),E92000001,England,A81002,Queens Park Medical Centre,GPs,Persons,All ages,,,2021/22,1.10871,0.96761,1.27012,0.89471,1.37318,205,18490,,,Higher,Not compared,20210000,,,1y
247,Dementia: QOF prevalence (all ages),E92000001,England,A81004,Acklam Medical Centre,GPs,Persons,All ages,,,2021/22,0.90058,0.74106,1.09406,0.66265,1.22289,100,11104,,,Similar,Not compared,20210000,,,1y
247,Dementia: QOF prevalence (all ages),E92000001,England,A81005,Springwood Surgery,GPs,Persons,All ages,,,2021/22,1.13833,0.92916,1.39393,0.82703,1.56497,92,8082,,,Higher,Not compared,20210000,,,1y
247,Dementia: QOF prevalence (all ages),E92000001,England,A81006,Tennant Street Medical Practice,GPs,Persons,All ages,,,2021/22,0.99078,0.84221,1.16525,0.76713,1.27879,144,14534,,,Higher,Not compared,20210000,,,1y
247,Dementia: QOF prevalence (all ages),E92000001,England,A81007,Bankhouse Surgery,GPs,Persons,All ages,,,2021/22,0.98522,0.80916,1.19912,0.72276,1.34171,98,9947,,,Similar,Not compared,20210000,,,1y
247,Dementia: QOF prevalence (all ages),E92000001,England,A81009,Village Medical Centre,GPs,Persons,All ages,,,2021/22,0.71282,0.55305,0.91832,0.47844,1.0608,59,8277,,,Similar,Not compared,20210000,,,1y
247,Dementia: QOF prevalence (all ages),E92000001,England,A81011,Chadwick Practice,GPs,Persons,All ages,,,2021/22,0.90012,0.74348,1.0894,0.66624,1.2151,104,11554,,,Similar,Not compared,20210000,,,1y
247,Dementia: QOF prevalence (all ages),E92000001,England,A81012,Westbourne Medical Centre,GPs,Persons,All ages,,,2021/22,0.47628,0.32282,0.70217,0.25935,0.87309,25,5249,,,Similar,Not compared,20210000,,,1y
247,Dementia: QOF prevalence (all ages),E92000001,England,A81013,Brotton Surgery,GPs,Persons,All ages,,,2021/22,0.66431,0.49996,0.88221,0.42524,1.03638,47,7075,,,Similar,Not compared,20210000,,,1y
247,Dementia: QOF prevalence (all ages),E92000001,England,A81014,Queenstree Practice,GPs,Persons,All ages,,,2021/22,1.17388,0.88656,1.55285,0.75544,1.81985,48,4089,,,Similar,Not compared,20210000,,,1y
247,Dementia: QOF prevalence (all ages),E92000001,England,A81016,Park Surgery,GPs,Persons,All ages,,,2021/22,0.56523,0.4412,0.72387,0.38298,0.83348,62,10969,,,Similar,Not compared,20210000,,,1y
247,Dementia: QOF prevalence (all ages),E92000001,England,A81017,Woodbridge Practice,GPs,Persons,All ages,,,2021/22,0.72873,0.61719,0.86026,0.56101,0.94613,138,18937,,,Similar,Not compared,20210000,,,1y
247,Dementia: QOF prevalence (all ages),E92000001,England,A81018,Bentley Medical Practice,GPs,Persons,All ages,,,2021/22,1.05637,0.875,1.27485,0.78534,1.41961,107,10129,,,Higher,Not compared,20210000,,,1y
247,Dementia: QOF prevalence (all ages),,,E92000001,England,England,Persons,All ages,,,2022/23,0.737967840197395,0.735846856744425,0.740093542140326,0.734626809306597,0.741323073283748,460330,62378057,,Decreasing,Not compared,Not compared,20220000,,,1y
247,Dementia: QOF prevalence (all ages),E92000001,England,E92000001,England,England,Persons,All ages,,,2022/23,0.737967840197395,0.735846856744425,0.740093542140326,0.734626809306597,0.741323073283748,460330,62378057,,Decreasing,Similar,Not compared,20220000,,,1y
247,Dementia: QOF prevalence (all ages),E92000001,England,A81001,The Densham Surgery,GPs,Persons,All ages,,,2022/23,0.55055,0.36386,0.83222,0.2884,1.04848,22,3996,,Decreasing,Similar,Not compared,20220000,,,1y
247,Dementia: QOF prevalence (all ages),E92000001,England,A81002,Queens Park Medical Centre,GPs,Persons,All ages,,,2022/23,1.10838,0.96668,1.27059,0.89351,1.37421,203,18315,,No significant change,Higher,Not compared,20220000,,,1y
247,Dementia: QOF prevalence (all ages),E92000001,England,A81004,Acklam Medical Centre,GPs,Persons,All ages,,,2022/23,0.88684,0.72974,1.07739,0.65253,1.20427,100,11276,,No significant change,Similar,Not compared,20220000,,,1y
247,Dementia: QOF prevalence (all ages),E92000001,England,A81005,Springwood Surgery,GPs,Persons,All ages,,,2022/23,1.24922,1.02823,1.51697,0.91954,1.69507,100,8005,,No significant change,Higher,Not compared,20220000,,,1y
247,Dementia: QOF prevalence (all ages),E92000001,England,A81006,Tennant Street Medical Practice,GPs,Persons,All ages,,,2022/23,1.08461,0.92792,1.26743,0.8483,1.38584,156,14383,,No significant change,Higher,Not compared,20220000,,,1y
247,Dementia: QOF prevalence (all ages),E92000001,England,A81007,Bankhouse Surgery,GPs,Persons,All ages,,,2022/23,1.03486,0.85408,1.25343,0.76498,1.39862,103,9953,,No significant change,Similar,Not compared,20220000,,,1y
247,Dementia: QOF prevalence (all ages),E92000001,England,A81009,Village Medical Centre,GPs,Persons,All ages,,,2022/23,0.6408,0.49148,0.83509,0.42246,0.97088,54,8427,,No significant change,Similar,Not compared,20220000,,,1y
247,Dementia: QOF prevalence (all ages),E92000001,England,A81011,Chadwick Practice,GPs,Persons,All ages,,,2022/23,1.02032,0.85274,1.22043,0.76926,1.3522,118,11565,,No significant change,Similar,Not compared,20220000,,,1y
247,Dementia: QOF prevalence (all ages),E92000001,England,A81012,Westbourne Medical Centre,GPs,Persons,All ages,,,2022/23,0.47474,0.32178,0.69991,0.25851,0.87027,25,5266,,No significant change,Similar,Not compared,20220000,,,1y
247,Dementia: QOF prevalence (all ages),E92000001,England,A81013,Brotton Surgery,GPs,Persons,All ages,,,2022/23,0.65269,0.49121,0.86679,0.4178,1.01829,47,7201,,No significant change,Similar,Not compared,20220000,,,1y
247,Dementia: QOF prevalence (all ages),E92000001,England,A81014,Queenstree Practice,GPs,Persons,All ages,,,2022/23,0.85158,0.61296,1.18199,0.50867,1.42235,35,4110,,No significant change,Similar,Not compared,20220000,,,1y
247,Dementia: QOF prevalence (all ages),E92000001,England,A81016,Park Surgery,GPs,Persons,All ages,,,2022/23,0.43962,0.33454,0.5775,0.28632,0.67444,51,11601,,No significant change,Lower,Not compared,20220000,,,1y
247,Dementia: QOF prevalence (all ages),E92000001,England,A81017,Woodbridge Practice,GPs,Persons,All ages,,,2022/23,0.75364,0.63979,0.88756,0.58234,0.97482,142,18842,,No significant change,Similar,Not compared,20220000,,,1y
247,Dementia: QOF prevalence (all ages),E92000001,England,A81018,Bentley Medical Practice,GPs,Persons,All ages,,,2022/23,0.97106,0.79832,1.18074,0.71347,1.32042,99,10195,,No significant change,Similar,Not compared,20220000,,,1y